Workbook

Sheet Stakeholder Map
A1: STAKEHOLDER MAP
A2: SISTEM INFORMASI KLINIK TERINTEGRASI (KLINIK SEHAT BERSAMA)
A4: No | B4: Stakeholder | C4: Power | D4: Interest
A5: 1 | B5: Pemilik Klinik | C5: 5 | D5: 4
A6: 2 | B6: Kepala Klinik | C6: 5 | D6: 5
A7: 3 | B7: Divisi IT | C7: 4 | D7: 5
A8: 4 | B8: Dokter | C8: 4 | D8: 5
A9: 5 | B9: Vendor Pengembang | C9: 4 | D9: 3
A10: 6 | B10: Apoteker | C10: 3 | D10: 5
A11: 7 | B11: Petugas Kasir/Keuangan | C11: 3 | D11: 4
A12: 8 | B12: Petugas Pendaftaran | C12: 2 | D12: 5
A13: 9 | B13: Perawat | C13: 2 | D13: 4
A14: 10 | B14: Pasien | C14: 2 | D14: 4
A15: 11 | B15: Pemasok Obat | C15: 2 | D15: 2

Sheet Data Grafik
A4: Stakeholder | G4: Plot X | H4: Plot Y | J4: Garis | K4: x | L4: y
A5: ='Stakeholder Map'!B5 -> Pemilik Klinik | G5: ='Stakeholder Map'!D5+(0) -> 4 | H5: ='Stakeholder Map'!C5 -> 5 | J5: Vertikal | K5: 3.5 | L5: 0
A6: ='Stakeholder Map'!B6 -> Kepala Klinik | G6: ='Stakeholder Map'!D6+(0) -> 5 | H6: ='Stakeholder Map'!C6 -> 5 | K6: 3.5 | L6: 6
A7: ='Stakeholder Map'!B7 -> Divisi IT | G7: ='Stakeholder Map'!D7+(-0.12) -> 4.88 | H7: ='Stakeholder Map'!C7 -> 4 | J7: Horizontal | K7: 0 | L7: 3.5
A8: ='Stakeholder Map'!B8 -> Dokter | G8: ='Stakeholder Map'!D8+(0.12) -> 5.12 | H8: ='Stakeholder Map'!C8 -> 4 | K8: 6 | L8: 3.5
A9: ='Stakeholder Map'!B9 -> Vendor Pengembang | G9: ='Stakeholder Map'!D9+(0) -> 3 | H9: ='Stakeholder Map'!C9 -> 4
A10: ='Stakeholder Map'!B10 -> Apoteker | G10: ='Stakeholder Map'!D10+(0) -> 5 | H10: ='Stakeholder Map'!C10 -> 3
A11: ='Stakeholder Map'!B11 -> Petugas Kasir/Keuangan | G11: ='Stakeholder Map'!D11+(0) -> 4 | H11: ='Stakeholder Map'!C11 -> 3
A12: ='Stakeholder Map'!B12 -> Petugas Pendaftaran | G12: ='Stakeholder Map'!D12+(0) -> 5 | H12: ='Stakeholder Map'!C12 -> 2
A13: ='Stakeholder Map'!B13 -> Perawat | G13: ='Stakeholder Map'!D13+(-0.12) -> 3.88 | H13: ='Stakeholder Map'!C13 -> 2
A14: ='Stakeholder Map'!B14 -> Pasien | G14: ='Stakeholder Map'!D14+(0.12) -> 4.12 | H14: ='Stakeholder Map'!C14 -> 2
A15: ='Stakeholder Map'!B15 -> Pemasok Obat | G15: ='Stakeholder Map'!D15+(0) -> 2 | H15: ='Stakeholder Map'!C15 -> 2
